epoch,lr-AdamW,step,train/Accuracy,train/Boundary_mIoU,train/Class_Accuracy_0,train/Class_Accuracy_1,train/F1_Score,train/IoU_0,train/IoU_1,train/Pixel_Accuracy,train/loss,train/mIoU,train/mIoU_Micro,val/Accuracy,val/Boundary_mIoU,val/Class_Accuracy_0,val/Class_Accuracy_1,val/F1_Score,val/IoU_0,val/IoU_1,val/Pixel_Accuracy,val/loss,val/mIoU,val/mIoU_Micro
,1.919008032892341e-06,0,,,,,,,,,,,,,,,,,,,,,,
0,,0,,,,,,,,,0.5219135284423828,,,,,,,,,,,,,
0,,0,,,,,,,,,,,,0.49754664301872253,0.07919248938560486,0.05213624984025955,0.9429570436477661,0.2485036700963974,0.051139939576387405,0.2497684508562088,0.2789248526096344,0.5496768355369568,0.15045419335365295,0.1620643138885498
0,,0,0.5002055168151855,0.07082279771566391,0.06347507238388062,0.9369359016418457,0.31706082820892334,0.06131509318947792,0.35005250573158264,0.3765220642089844,,0.20568379759788513,0.23192311823368073,,,,,,,,,,,
,1.919008032892341e-06,1,,,,,,,,,,,,,,,,,,,,,,
1,,1,,,,,,,,,0.5038666129112244,,,,,,,,,,,,,
1,,1,,,,,,,,,,,,0.4974845051765442,0.07992039620876312,0.06072758883237839,0.9342414140701294,0.25550010800361633,0.059393685311079025,0.24911977350711823,0.283110111951828,0.5487028360366821,0.15425673127174377,0.16489706933498383
1,,1,0.4987819492816925,0.09643159806728363,0.07239428907632828,0.9251695871353149,0.3783414363861084,0.06775140017271042,0.4596174955368042,0.4800376892089844,,0.2636844515800476,0.3158220946788788,,,,,,,,,,,
